{
  "generator-jhipster": {
    "applicationType": "monolith",
    "authenticationType": "jwt",
    "baseName": "MongoApp",
    "blueprints": [
      {
        "name": "generator-jhipster-kotlin",
        "version": "1.15.0"
      }
    ],
    "buildTool": "gradle",
    "cacheProvider": "no",
    "clientFramework": "react",
    "clientPackageManager": "npm",
    "clientTheme": "darkly",
    "clientThemeVariant": "primary",
    "creationTimestamp": 1662483926103,
    "databaseType": "mongodb",
    "devDatabaseType": "mongodb",
    "devServerPort": 9060,
    "dtoSuffix": "DTO",
    "enableGradleEnterprise": false,
    "enableHibernateCache": false,
    "enableSwaggerCodegen": false,
    "enableTranslation": true,
    "entitySuffix": "",
    "jhiPrefix": "jhi",
    "jhipsterVersion": "7.8.1",
    "jwtSecretKey": "YTk3NzgyYTg3ZWNkZGFmYmE2MWZhZjNjYzBiNzBiOWU1Zjk3YjY4NjE5MDcxNWJiYmFiM2JjNjNmZDUxYTUyZDE2ZGI2YjZmMDM0ZjczODM2OTdkODNiZTlhMmZkMmY0ZDFkZDY0YTA4ZGI0ZDlkYWQyZTI0MjRlZTljY2NkMWI=",
    "languages": ["fr", "en", "es"],
    "messageBroker": false,
    "monorepository": true,
    "nativeLanguage": "fr",
    "otherModules": [
      {
        "name": "generator-jhipster-kotlin",
        "version": "1.15.0"
      }
    ],
    "packageName": "webapp",
    "pages": [],
    "prodDatabaseType": "mongodb",
    "reactive": true,
    "searchEngine": false,
    "serverPort": "8080",
    "serverSideOptions": [],
    "serviceDiscoveryType": "no",
    "skipCheckLengthOfIdentifier": false,
    "skipCommitHook": true,
    "skipFakeData": false,
    "skipUserManagement": false,
    "testFrameworks": [],
    "websocket": false,
    "withAdminUi": true
  }
}
